user,comment,like
섭배,위생도 개성도 버린 프랜차이즈 포장마차.,0
Steve,,0
사이다,"이렇게 날아다니는 강하늘도 괜찮네
Feat. 여러번 뒤바뀌는 천국과 지옥",0
DongKyun Noh,너무나도 익숙한 캐릭터와 구조에 심드렁하다가도 박력있게 밀어붙이긴한다.,0
거노,"재밌을려다가 재미없다가 또 재밌으려다가~
애매한 느낌이 강했다. 재밌지도 않고 재미 없지도 않고..

근데 굳이 저런 장면들 넣으려고 청불로 만든거 이해가 안간다. 아예 청불로 만들던가.. 애매하고 굳이 저런 수위로 표현할 필요가 있나 싶은 장면들 넣느라 청불로 만든게 이해가 안가요

글구 캐릭터들 연기가 전체적으로 뭔가 클리셰적이고 인위적인 느낌이 좀 강했음. 특히 초반에 강하늘 연기 넘 인위적으로 느껴짐. 유쾌해보이려고 되게 노력하는 것 같았달까... 계속 보다보니까 괜찮긴 했다.",0
Movie_j.w.m,쓸데없는 가오없이 야무지고 당찬 오락영화.,0
캔디,"강하늘 배우의 물오른 연기👍
유해진 배우의 웃음기 뺀 연기👍",1
김현도,화끈하게 가볍다,0
이상용,여러모로 <내부자들>을 떠올리게 하는데 빠른 템포의 재미를 쫒느라 <내부자들>보다 깊이와 여운이 현저하게 떨어진다.,0
강승희,뻔하지만 아는맛.,0
배유민임,"중후반으로 갈수록 클리셰범벅..
그래도 강하늘 연기 하나는 진짜 좋았다",0
방쌤,"개인적인 생각으로 마약보다 썩어 문드러진 검찰과 언론, 그리고 정치인들의 내로남불이 대한민국을 더 병들게 하는 것 같다.. 반박시 님의 말씀이 맞습니다~^^",4
한승엽,"다소 뻔하지만 장르적 쾌감이 분명 있다!!
특히 검사의 행동 시퀀스는 현재와 동일시해보면 분명 쾌감이 있다!!",1
찐빵만두,대사나 상황 너무 뻔하고 오글거리는데 몰입 잘 된 내가 밉다.,4
준아,약한자들,0
indie_media_sem,"일반인이라면 잘 모를 야당 이라는
캐릭터에 대해 궁금증을 유발하고,
그 캐릭터의 임무(마약범과 경찰 사이를 오가며 분탕질하는 비공식 인증 끄나플)를 강하늘이 유머러스하게 보여주는 영화. 이야기는 영화 부당거래와 사생결단, 베테랑, 독전을 합쳐 놓은 것 같은 느낌을 지울 수 없지만 마약이라는 무거운 소재를 스토리의 갈등을 유발시키는 소재로만 사용되어 오랜만에 부담없이 액션 오락 영화로 즐길만 영화였음. 그래도 19금이라 비위는 좋아야 볼 수있는 장면들이 종종 등장함.

폭싹속았수다의 김금순 배우와 박해준이 나와서 나름 반가웠던 영화.",1
조예원,"I really enjoyed watching the movie Yadang!
The performances by Kang Ha-neul and Yoo Hae-jin were outstanding — they brought their characters to life with depth and emotion.

The plot was fast-paced and intense, keeping me engaged from beginning to end.
I especially appreciated the unexpected twists and turns throughout the story.

Overall, it was a thrilling and memorable film that left a lasting impression on me.✨️",0
파티장,지난주에 나왔던 급식 식단 같네 먹었던거 또 먹는 느낌.베테랑2 보다는 재밌게 봄. 이 영화에서 강하늘 연기 오글거리는 부분이 너무 많다.,3
마네,늘 먹던 한식인데.. 간이 좀 쎄다,1
주성주섬,"강하늘 진짜 신들린줄
전개가 빨라서 좋았다",0
김워렌,"아는 맛, 익숙한 맛, 친근한 맛.
마치 할머니가 끓여주신 김치찌개 같다.
지루하지는 않지만, 너무 푹 쉰 김치를 넣은건지
가끔 오바스러운 맛도 난다.",1
차칸수니리,주연 조연 모두 연기가 수준 이상이었다. 연출 연기 이여기가 어울리게 섞였다. 명작은 아니어도 망작은 절대 아니다.,3
Jason Bourne,"소재도 신선하고 감독이 잘 준비한 것이 보였고 배우들 연기까지 완벽하고 거기다 반전의 반전을 거듭하는 전개와 결말까지 완벽한 영화 마약판 내부자들 보는 느낌이었음.. 더 이상 마약 청정국이 아닌 대한민국에서 일어날 법한 사건들을 다룬 영화지만 우리가 아는 맛 <베테랑><부당 거래><내부자들>에서 보던 맛이 너무 나와서 익숙하지 않았나 싶다. ""대한민국 검사는 대통령을 만들 수도 있고 죽일 수도 있어"" 현실과 닮아 있는 이 대사가 너무 소름 돋았다. 초반부터 쭉 지루하지 않게 전개도 빨라서 몰입할 수 있었다.",1
YoungJin cinema,투박하고 조악하다,1
최영환,영화계의 또 다른 야당,0
borntoloveto,냉소를 잊지 않는 태도. 돌진을 멈추지 않는 속도.,1
송씨네,"영양가는 없어도 언제나 맛나는 불량식품.

강수는 경찰에서 ‘야당’이라고 불리는 사내입니다. 마약 관련 정보를 입수하기도 하고 범죄자에게 경찰이나 검사 대신 자백을 받게 만들죠. 강수는 3년 전 높으신 분의 심부름을 따라갔다가 마약을 투약한 혐의로 형을 선고받습니다. 사실 함정에 빠져든 건데 말이죠. 그의 억울함을 풀어준 것은 검사 관희로 형량을 낮추는 조건으로 감방의 재소자들로 이루어진 마약 조직을 일망타진합니다. 관희는 승진했고 강수는 전문 야당이 되었죠. 한편 ‘옥황상제’란 별명을 거진 형사 상재는 마약 사범 검거율 최고를 자랑하지만 강수와 관희에게 번번이 뺏기게 됩니다. 심지어 정보원으로 심어두려던 배우 수진을 이용하려던 계획도 수포로 돌아갑니다. 사실 수진이 마약에 빠지게 된 것은 대선 후보인 조상택의 아들인 조훈 때문이었는데 훈은 마약 투약으로 관희에게 붙잡히지만 아빠 찬스로 풀려나고 관희는 강수를 버리기로 합니다. 마약 거물 태수로 인해 반불구에 강제 투약까지 받은 강수는 친구 창락의 도움으로 겨우겨우 재활에 성공하고 물만 먹었던 상재와 여전히 자유롭지 못한 수진을 끌어들여 자신들을 이렇게 만든 이들을 복수하기로 합니다. 하지만 상대도 호락호락하지 않습니다. 권력의 맛을 본 관희는 더 그 맛을 보고 싶었던지라 이들을 해치는 것은 어렵지 않기 때문이죠.

마약 수사 전문 정보원이 누명을 쓰고 버림받다가 복수까지 하는 이야기. 다채롭지만 새롭진 않죠. 그럼에도 이 영회는 오락물의 특성을 잘 갖춘 데다가 시기도 적절합니다. 검사는 대통령으로 만들기도, 없애버리기도 한다는… 얼마 전 우리가 봤던 일이죠. 많은 사건들이 떠오르는 영화입니다. 버닝썬 사건도 떠오르고 실제 검사가 현직 대통령을 나락으로 보냈고 그 사람이 대통령이 되기도 했습니다. 어떤 장면은 오래전 우병우 민정수석의 검찰 (VIP) 취조실 장면도 떠오릅니다. 공교롭게도 실존 인물도, 실제 사건도 언급하지 않았지만 우리가 아는 그 이야기들을 영화 속에 재연합니다. 강하늘, 유해진, 박해준 세 배우의 연기 차력쇼가 빛을 발하고 있고 류경수, 최원빈, 김금순, 유성주 씨 등의 배우들도 각자 빌런과 조력자 등으로 등장해 연기 구멍도 보이지 않죠. 황병국 감독은 ‘특수본’ 이후 오랜 공백을 깨고 나오셨는데 간간이 배우로 등장해 인상적인 연기를 펼치고 오랜만에 돌아오셨습니다. 상당히 칼을 갈고 나왔다는 느낌이 드는 작품임에는 틀림없습니다. 물론 케이퍼 무비의 스타일이나 클리셰 부분에서는 한계가 조금 보이긴 했습니다. 오죽하면 이런 케이퍼 무비의 클리셰라 할 수 있는 ‘선수 입장!‘ 대사 빼곤 다 나왔다는 얘기가 나왔을 정도 이니깐요. 하지만 시간 가는 줄 모르고 오락영화에 충실했다는 느낌은 분명합니다. 이런 영화에서 메시지 같은 거 따지면 곤란하죠. 하지만 공교롭게 우리는 관희 같은 사람을 본 적이 있어서 말이죠. 그분… 기분 탓은 아닐 겁니다. 그분 맞죠. 아닌가요?",0
조현수,얼렁뚱땅 뽕 뚝딱,1
하면된다,어이가없네,0
내가 영화를 만났을 때,서로 물고 뜯고 마지막까지 치열하게,1
유선우,내부자들 순한맛,1
유정민,,0
최수원,18금 영화인데 7살 관객도 유치하다고 느낄 듯,0
5jp,야~나름 볼만했당,9
올해개봉작만 평가함,국선변호인처럼 매너리즘에 빠졌지만 국선변호인처럼 재밌는 영화,0
DC,이제 이런 류의 영화는 무난하게 만들어서 재미를 보기엔 유통기한이 다 된 듯 싶다,0
나홍진,그리운 친구들 만나 소주한잔한 느낌,7
Minjae Kwon,후반부가 아니었다면 시체되지 않았을까 싶다,0
pink플로이드,여당되긴 글렀다,1
MUJO,"하... 너무 답답해..............
나만 속이고 배우들끼리만 노는 느낌..
썩.. 통쾌하고 유쾌한 걸 못 느낌..
다 읽힘....",0
정세영,와 강하늘 연기 최악,0
Dh,"야비하게 당하고 야무지게 담군다
청불치고 수위가 좀 아쉽긴 하다
#😎
#롯데시네마",24
Jihak Moon,좀 너무 플롯이 뻔하지 않나,1
우엉,마치 챗지피티에게 “한국 범죄영화 흥행공식 이것저것 넣고 요리조리 섞어서 각본 하나 만들어줘~” 해서 나온 결과물을 보는것같다.,0
김휘래,"자칫 뻔하고 진부해질뻔한 이야기를 살짝씩 비틀어가며 끌고가는데 나름 효과가 있다.

아쉬운 부분이나 단점도 있지만 킬링타임용으로서 1인분은 해냈다고 할만한 결과물.",1
권바다,"프랜차이즈 삼겹살집
다 아는 맛인데 맛있게 잘 구워준다",1
너구리마요네즈,강하늘이 아니었으면 하차할뻔,0
김병우,"""익숙한 음식도 어떻게 맛깔나게 만드느냐에 따라...""의 적절한 모범사례 중 하나이당.",10
하규봉,제3의 위치에 있는 주인공보다 양자의 힘싸움이 더 인상적.,0
푸른용칠이,"이런영화 만들고 나면 삼습만원 받아요 삼습만원
삼습만원 더 받으셔도 될듯",0
디귿,아는 맛이지만 달달한 사이다 한방,1
A LiFE,"좋은 재료로 끓여낸, 익숙한 맛의 김치찌개",1
동구,선수입장…만 안했지 나머지 다 했잖아!!!!,1
론론,중간에 조금 루즈하긴 했지만 결말도 연기도 모두 좋았다!,0
바르다,뻔한맛이 그리웠어,1
카리소케,마약수사의 험난함과 그 벌레같은 끈질김,0
배우열쇠,한번에 담기 어려운 이야기를 수습하려 애쓴다,0
영화보는 원장이,"삼슴만원 변호사아저씨의 실력이 생각보다 나쁘지 않다는 생각이 들었다. 근래 본 한국영화들 중에서 어느정도의 재미와 기승전결이 깔끔하게 구성된 영화 같았다.

강하늘과 유해진, 박해준의 연기야 믿고 보는것이었고 류경수도 연기를 잘해서 합이 좋았었다.

픽션이라지만 약간 과거의 몇가지 실제사건들이 떠오르는 느낌도 들었었다.",0
KIM YUN,"먹이가 많은 곳에 잔뜩 꼬이게 되는 바퀴벌레처럼 자신의 이익을 얻을 수 있다고 판단되는 곳에 인간 바퀴벌레들이 꼬이기 마련이다. 기존에 있던 범죄 영화의 기본적인 클리셰를 그대로 가지고 간다. 뻔하다고 느낄 수 있지만, 다르게 생각하면 하던거 하나는 기가 막히게 잘한다고 볼 수 있을 것 같다. 빠른 속도로 정해진 길을 반듯하게 달리는 고속도로의 자동차와 같다. 볼행인지 다행인지, 그래도 오랜만에 즐길 요소는 가지고 있는 한국영화.",1
너에게 가마,"마약 정치 복수 반전.
자극적이고 재밌는 것들은 다 때려 부었다.
넘침을 살린 배우의 힘.",0
Lacrimosa,검사외전의 변호사 선생님  연기만이 아니라 감독도 잘 하시군요 ! 뻔하지만 재미있네요.,1
림군이,현실같은 비극의 부패한 무소불위 권력,0
해질녘노움,베테랑 극한직업 부당거래를 비벼놓은 느낌,0
SherlockHomz,"전체적으로 나쁘지는 않았고, 배우들의 연기와 마스크 보는 재미는 아주 좋았어요. 그러나 언젠가부터 국산물에 '나쁘지 않다'가 칭찬이 된 상황이 다소 아쉬울 뿐이네요 ㄷㄷ",2
최민철,,0
SsoonMan,"초중반까지 새로움과 몰입력이 좋앗는데 중후반부터 뻔하고 뭔가 집중력이 떨어져서 아쉬웠다
그래도 오랜만에 현실고증 킬링타임",0
림키,이런 영화가 2025년에도 나와요...? 😳,0
@불광불급@,"현실성, 이유 부족 자극의 향연",0
이팔청춘,"봤던 얘기, 했던 연기, 아는 결말
이 수준이 요즘 개봉작들중 그나마
볼만한 영화라는게 믿기지 않는다.
[20250416 예매권]",2
황윤,지금 내가 제대로 보고있는지 맵게 자극적인 강도로 땡기다.,0
도파민,250416,0
워니:-),"하..류경수ㅠㅠㅠㅠㅠㅠ연기너무잘해ㅠㅠ,,,,
사람도 우르르 많이나오고 내용도모르고
봤던건데 나름 재밌게봤다. 근데 좀 많이 무서웠음,,
청불인지도 신분증 검사해서 알았..ㅋㅋㅋㅋㅋㅋㅋㅋㅋㅋ
간만에 신분증검사 ^_^,,,,
류경수 짱이다",0
Skarsgård,그래도 올만에 볼만하게 만든 한국영화 한편!,0
겨울비,통쾌하나 너무나 전형적,13
차용현,"""대한민국 검사는 대통령을 만들 수도 죽일 수도 있어.""

마약판 내부자들이 보여주는 불편한 현실들과 그것을  응징하는 통쾌함

뻔하고 예상되지만 그 예상되는 통쾌함이 너무 좋은 것은 현실이 너무 비참해서가 아닐까",0
난쏘공흑흑,내부자가 되고자 하는 류승완의 냄새가 난다.,0
박석호,특별한 것 없는 한국형 양산 무비.,2
jyjea,뻔히 알지만 땡기는 맛...,3
P_JH,"어디서 많이 본 듯한 장면들과 이리저리 꼬아 기어코 최후의 스펙타클을 만들어내는 클라이맥스. 장르적 재미로 따진다면 재빠른 전개 덕에 속도감있게 볼만하다만, 과연 작품을 구성하는데 꼭 필요한 부분일까 싶은 자극적 장면들은 기꺼이 영화의 윤리적 태도를 다시금 성찰하게끔 만든다.",0
지니,뻔한 스토리지만 계속 몰입하게 되는 배우들의 연기력 킬링타임용으로 추천! 쿠키는 크레딧 좀 올라가고 하나 나와요!,1
leseid,한국 영화에서 백만 번은 본 듯한 뻔하디 뻔한 영화.,1
이재윤,긴장-이완이 부드럽게 연결된 기성적 사건과 캐릭터들.,0
그녀석,나름 괜찮게 봤는데 마지막 쿠키가 결말을 너무 어그러트려서 아쉬웠어요.,0
Chang,식상한 조합을 또 재미있게 보도록 하는 것도 능력.,0
뭉치(계정주),캐릭터가 너무 단조롭고 대사가 조금만 더 맛깔났다면,0
임준영,"이것 저것 다 하고싶어 하는것 같은데
결국 추석 특선 영화가 될 것 같다",1
YCLeo,"결과는 뻔히 보이지만 과정이 나쁘지 않아서 볼만
CGV여의도",0
말주변,베테랑의 신기루,0
문정제,"부당거래? 베테랑?
유해진이 나온 비슷한류의 전혀 새롭지않은 딱 그수준.",0
누구의 영화,먹어봤던 잡탕맛인데 나름 꿀떡꿀떡 잘 넘어간다,0
••,,0
Seo Jun Lim,냉탕과 온탕 사이에서 맛깔나게 휘젓는다.,5
이짜요,신선한건 야당이라는 별칭뿐. 하나같이 전부 진부하다.,0
kiwikiwi,누가내부자들급이라고해서진짜조낸기대하고봤는데내용이전부다예측가능한게내가순간노스트라다무스가된줄알았던것임...근데오히너무뻔해서웃겨가지고재미는있지는않았고실소가나오는정도였슴...너이제부터야당해라~오케이휘비고레츠바리오브콜쓰지~,0
배성진,내부자들스럽고 재미는 있네 ㅋㅋ,4
환야,충분한 장르의 밀도와 보석 같은 류경수,1
simple이스,,12
초보영화광,자극적이지만 맛있는 그런 뻔한영화,0
서현,범죄오락영화의 공식을 따라가면서 가볍게 유쾌하게 때로는 뻔하게 하지만 확실히 재미는 챙겼다.,0
영화,뻔하고 익숙함에서 나오는 재미,0
홍석호,"""대한민국 검사는 대통령을 만들 수도 있고, 죽일 수도 있어."" 그리고 대통령이 되기도하고...",9
이병훈,유해진의 악역주연이라니!,0
박현우,뻔하면서도 나름 영리하게 선사하는 통쾌함,0
이델,,0
"김채운 ""Cinéphile""",끝없이 투약되는 도파민 과다 투입제처럼,0
주이한,뻔하지만 재밌다,0
ratte401,혜자 도시락,0
zi,수단과 목적을 오가며 친절하고 성실하게 서로의 뒷통수를 노린다.,0
김치전도사,나는 이 영화를 기억할 수 있을까,0
주변인,부당거래를 꿈 꾸었던 내부자들 레플리카,0
김승혁,뻔하디 뻔해도 이런 팝콘무비는 괜찮잖아. 안 그래?,0
영화매니악,"한국영화가 점점 하락세라는 말을 믿고 싶지 않았습니다.
이 영화를 보고 하락세라는 걸 믿기로 했습니다",0
Jun,"익숙한 소재, 익숙한 분위기,
그리고 익숙..하다기엔 약간 밍밍한 맛.

#Dolby Atmos",0
1castle,"전형적인 그렇고 그런 영화
장점이라면 클리셰를 곱씹기 전에
정신없이 몰아친다",0
김찬우,"야당이라는 신선한 소재, 다소 뻔하고 식상한 전개
배우진이 좋아서 연기보는 맛은 있다",1
박성수,내부자들+베테랑+부당거래. 아는 맛을 섞어 맛있게 만들어보려 했지만 그냥 뻔한 맛이 되어버렸다.,0
Eyaba,진부하지만 무난함을 내세워 받게 되는 감형,0
망고의 영화리뷰,"작은 통쾌함을 위해 온갖 자극적인 장면들을 견뎌야 할까.
<베테랑>과<부당거래>의 단점만 골라 담고 비빈 잡탕.",41
시네몬스터,너무 훤히 보이는 예상대로 흘러갔을때 사그라드는 흥미,0
주령,"정치적인 제목을 가졌지만 정치적인 영화가 아니라는 기사를 본 것 같은데, 왜 이리 정치적인 명장면으로 가득한거죠?",14
HBJ,"'야당'은 마약 조직과 경찰, 검찰 사이의 브로커이자 정보책이 돼주는 야당이 한 계획에 휘말리게 되는 범죄 스릴러다. 익숙한 맛으로 승부하는만큼, 이 영화는 어느 정도 개성은 있는 무난한 이야기로 적당한 오락을 선사한다.

영화는 마약 범죄를 중심으로 엮인 사람들에 대해 이야기한다. '내부자들'이나 '더 킹' 같은 영화들과 많이 비슷하면서, 일부분에서는 '올드보이'에 대한 오마주도 담은 이 영화는 범죄 조직, 정치인, 검찰, 경찰, 언론의 이해관계가 뒤섞여있고, 시시각각 변화하기도 하는 이야기를 통해 서로가 계략을 짜고, 배신도 하고, 새로운 동맹을 맺기도 하는 범죄 스릴러 오락을 선사한다. 이미 성공한 경험이 있는 익숙한 내용들을 적당히 엮으며, 야당이라는 최소한의 차별점을 뒀기 때문에, 영화는 심심하지는 않았으나, 대신 인상적인 순간들도 거의 없었다. 개인적으로는 어두운 역할을 맡을 때 더욱 돋보이는 듯한 유해진의 연기를 보는 재미가 가장 컸다. 강하늘 같은 경우는 MSG 같은 배우라고 생각하는데, 유해진, 박해준, 김금순 등의 탄탄한 상대역들과 함께 있을 땐 적재적소에 장면을 잘 살려주는 능력은 있지만, 혼자 있거나 독주할 때는 굉장히 부담스러운 연기 톤을 가지고 있다. 다행히 이 영화는 그를 잘 받쳐줄 주, 조연들이 많아서 그런 부담스러운 순간들이 아주 많지는 않았다.",9
영화의 소마,선수 입장만 안 외쳤어도...,1
이매송이,에에올에 이어 중간에 못 버티고 나옴,0
마뮤렌2,하필 이름이 야당이라 참 의미심장하다. 검찰 공화국에서 검사가 대통령을 만들기도 하고 죽이기도 한다라...,0
조예봉,1년에 한번씩은 나와야 하는 충무로표 선수입장물… 강하늘이 5분에 한번씩 지어주는 미소를 견딜 수 있으면 나름 괜찮음,4
FILMOVIE,"캐주얼한데 통쾌한 맛은 있다

""대한민국 검사는 대통령을 만들 수도, 죽일 수도 있어""
자신을 대통령으로 만들 수도, 내란수괴 피의자가 되어서도 재판정에서 입 쳐닫고 고개만 끄덕일 수도 있더라.",2
FFF,"신선한 소재는 분명 했으나
풀어가는 방식,대사,연출,구조,캐릭터 모든것이 많이 본것,
이미 너무 익숙한 것 이여서 소재의 신선함이 싹 사라진다
거기다 촬영 미술 음악 액션 의상 뭐든 다 촌스럽고 괜찮은게 없으니 더 아쉬운 영화
현실과 어떻게든 역어 시의성을 노골적으로 갖추려고 하는 것도 이제는 세련되지 못한 것 같고",1
찌질이,15살이나 재밌게 볼만한 19금 무비,13
밖에비온다,어쩌면 모든 게 다 그렇게 과하기만 할까,2
함성규,"[검사, 형사, 약쟁이]

이 흔한 조합이 2025년에 다시 등장할 거라곤 생각도 못 했다. 너무도 익숙한 소재, 너무도 익숙한 전개를 보여줄 것이기에... 그런데도 이상하게 기대감이 생겼다. 오히려 이 흔한 서사를 지금의 감독과 배우들은 어떻게 다룰 수 있을까?

3주 전에 강렬한 인상을 남겼던 배우가 다시 한번 주연을 맡았고, 다른 얼굴들도 대부분은 낯설지가 않다. 모두가 어딘가에서 한 번쯤 봤던 익숙한 조합이었다. 그래서였는지 작품은 시작부터 기시감이 강하다. 이야기가 어디로 흘러갈지? 어떤 갈등이 터질지? 어떤 인물들이 어떤 역할을 맡을지는 거의 대부분 예측이 가능하다는 점.

주연 배우께서는 이번에도 특유의 에너지로 캐릭터를 밀고 나간다. 다소 과한 톤과 억지스러운 텐션은 호불호가 갈릴 수 있겠지만, 적어도 본인이 가진 캐릭터의 이미지를 확고히 구축했다는 점에서는 분명 일관성이 있는 배우니까.

다른 주연, 조연 배우들도 안정적이다. 각각의 인물이 뻔한 캐릭터 설정 안에 갇혀 있음에도 불구하고 배우들의 연기가 그 인물들의 매력을 어느 정도는 살아 있게 만든다는 점. 결국 배우 개인의 역량도 맞지만, 상업영화가 갖고 있는 평균치의 매력이 이런 부분이 아닌가?

그렇다고 작품이 그렇게 특색이 있는 것 아니었다. <내부자들> <베테랑> <부당거래> <검사외전> 이 모든 영화들의 장/단점을 그대로 안고 간다. 그나마 흥미로운 건, 이 영화가 그 익숙한 이야기들을 단순히 흉내 내는 데 그치지 않았고, 감독 본인만의 경험과 매력으로 ‘조금은 다르게’ 보여주려 한다는 점이다. 완전히 새로운 이야기를 만들 수는 없었겠지만, 그래도 무너진 구조물 위에 새로운 건축물을 만드려는 노력은 보였다.

물론, 그 시도가 완벽하게 성공적이지는 않았다. 작품이 끝난 후 머릿속에 남는 장면은 크게 없었고, 대사 하나, 연기 하나가 크게 와닿는 연출은 느껴지지 않았다.

작품이 매번 새로울 수는 없다. 때로는 익숙한 것을 어떻게 새롭게 풀어낼 것인가가 더 중요하기 때문에, 이 영화는 그 기준에서 본다면..  반틈은 성공했다. 과거의 성공 공식을 빌려오되, 그 안에서 자신만의 균형을 찾으려 한 점은 분명 긍정적인 방향이었기에.

요약한다면 이 영화는 크게 놀랍지도 않았고, 아주 인상 깊지도 않았지만 하지만 익숙하면서도 낯설지 않았고, 그래서 오히려 마음의 여지를 남기는 작품이었다. 기억에 오래 남지는 않겠지만, 적어도 보는 동안은 상업 영화의 가장 큰 매력인 킬링 타임 정도의 요소를 갖춘..?

그 정도면, 지금의 상업영화에겐 꽤 귀한 미덕이지 않을까? 이 정도도 맞춰주지 않는 영화가 태반인 시대니까.

지킬은 3.5

-------------------------------------

[검사, 형사, 약쟁이]라는
뻔한 소재, 뻔한 플롯, 뻔한 시놉시스.

그래서 오히려 기대했다. 21세기에, [A.I]의 시대에, 이렇게 진부한 소재로 대체 어떤 작품을 보여줄 수 있기에, 도대체 어떤 자신감으로 영화를 만들었을까?

3주 전, 충격적인 작품을 통해 관객을 놀라게 한 배우가 이번 작품의 주연이지만, 사실 나는 그 이전부터 이미 어떤 무언가를 느끼고 있었기에 그다지 색다른 경험은 아니었고, 뻔한 소재에 익숙한 배우들, 달리 말하면 맨날 보는 배우들 조합으로, 맨날 보던 이야기들로 작품이 전개되기 때문에 시작부터 기시감이 몰려왔다.

게다가 주연 배우부터.. 시작부터 또 도저히 참을 수 없을 만큼 정말 뻔한 특유의 톤을 구사한다. <스트리밍>, <30일>, <해적 2>, <비와 당신의 이야기> 등등 배우 특유의 과한 억지 텐션이 너무 심하게 느껴지는 배우라서 처음부터 작품에 집중하기 어려웠지만, 오랜만에(5일) 영화관에 왔기에 정신을 가다듬고 집중했다.

정신을 가다듬었기에 작품에 몰입은 되는데, 작품에서 아무런 영혼도, 매력도, 향기도 느낄 수가 없었다. 정말 순수하게 보는 동안 그냥 '아무 생각이 들지 않았다'

당연히 내가 예술영화를 보러 아트하우스관에 들어선 것도 아니고, 이번 주 메인 상업영화니까 오늘 첫 타자로 조조 상영을 골랐던 것뿐인데, 최소한 가볍게라도 즐길 수 있는 오락영화쯤만 되었어도, 그저 킬링타임 영화로라도 즐길 수 있었다면 좋았겠지만... 말 그대로 시간만 죽었을 뿐이고 작품에서 아무런 장점을 찾아볼 수가 없었다.

단순히 내가 일반적인 사람들보다 영화를 '꽤 많이 보는 사람'쯤에 속하는 것도 맞겠지만, 그걸 떠나서 2025년쯤에도 영화를 영화관에 돈 주고 보러 오는 관객들이라면 이전에도 이런 작품들을 너무 많이, 자주 접했을 것이다. 당장에 이 작품을 보고 있노라면 생각나는 유명한 한국 영화들 <내부자들> <베테랑> <부당거래> <검사외전> 이런 느낌의 마약, 형사, 검사, 정치인 어쩌고저쩌고 돌림 노래들 거기서 조금도 벗어나지 않는 연출, 조금도 벗어나지 않는 진부한 캐릭터들로 '누구나 예상할 수 있을법한' 뻔한 전개들을 선보이기에 이 작품만의 특출난 매력은 내 생각엔 정말 단 하나도 존재하지 않았다. (아이러니한 건 감독께서 위에 언급한 작품들 모두 한 번 정도 얼굴을 비춰서 임팩트를 남겼었다는 점)

메인 주연은 매번 작품마다 나와서 본인 특유의 억지 텐션을 연기하는데다가 위에 언급한 작품들에서 시나리오 보는 안목이 개눈깔 수준이라는 것을 익히 알고 있었기에 딱히 놀랍지도 않았고, 다른 주연과 조연 캐릭터들 또한 기계적으로 만들어진 듯한 열혈 형사, 흑심 품은 검사, 조태오를 흉내 내는 재벌 2세 등, 오로지 영화적 연출 장면을 위해 존재하는 편리한 장치 같은 캐릭터들뿐. 감독은 이를 적당히 섞어 '자신만의 매력적인 영화'를 만들어보려 했겠지만, 2025년 관객의 눈높이는 이미 너무 높아졌고, 티켓값 역시 너무 높아졌다.

결국엔, 감독이 익숙한 얼굴들과 익숙한 이야기들, 적당한 템포와 그럴싸한 장면들로 얼기설기 엮어 만든 영혼 없는 공산품 같은 영화일 뿐이었다.

요약하자면.. 재미있지도 않고, 재미없는 것도 아니었지만, 극장을 나서는 순간에 아무런 기억도 남지 않을, 아무런 대사도, 연기도 머릿속에 남아 있지 않고 연기처럼 사라질 작품 중에 하나.

하이드는 1.5

-------------------------------------

절충해서 2.5",2
로트렉,"현실이 더 판타지라 그런가 영화가 오히려 약해보인다
배우들 연기는 정말 훌륭함",14
재원,시종일관 예상한 그대로 진행되는 게 이거 내가 만든 영화인 줄.,97
우하림,뻔한 소재 예상되는 결말도 잘 만들면 이렇게 재밌다니까,2
Gooson,파란맛 블루,17
georgina 센세,"너 나랑 야당 한번 해볼레?
너 오늘부터 야당해라
자, 야당 입장
내가 야당 할 수도 있는거잖아?",0
미드나잇인파리,"이 이야기가 관객을 마주하기에
지금보다 더 적절한 타이밍이 있으려나",7
김유성,킬링타임으로 충분!,1
비숍,진짜 진짜 재밌음~ 유해진 연기는 리얼하다 못해 소름끼치는 경지를 보여줌!,1
김형준,"야당, 1번후보, 아들.
떠오르는 한 사람",1
seong,위선과 위악의 대결,1
ㅁㅅ,기시감을 뚫고 나가는 야심,0
kiwi,연기 차력쇼 사이에 끼어버린 사빠죄아 양관식씨..,3
윤작,싱거웠다가 짰다가 물릴 때쯤 매운맛이 치고 옴,1
JoonSuhGiulioPark,현실에도 좀 이렇게라도,2
정다혜,"정다혜가 가장 좋아하는 빈은?
1. 라이즈 원빈 2. 아저씨 원빈 3.채원빈바로너야",1
Chaehyun Lee,현실성은 떨어지지만 잘 만든 오락영화. 베테랑 1의 하위호환 느낌,0
한의정,"전형적인 한국식 코미디 범죄물. 그래서 재미난거 아니겠어요^-^//
다른 것보다 배우들의 연기가 기억에 남는다. 특히 이토록 친밀한 배신자에서 눈도장 찍었던 채원빈. 스크린에서 더 자주 봤으면 좋겠다.
마냥 코믹식으로 마약사범들을 표현하는 경우가 많은데, 약의 무서움도 어느 정도 보여줬다고 생각한다.",1
DK,"[25.04.16. 개봉]
[크랭크인/업 23.07.15.-2023.11.]
[손익분기점 약 250만명]",6
JY,"너무 익숙한 것들이
버무려져 있는데

하향평준화 된 지금 시장상황에선
이정도 비빔밥도 감지덕지",22
전뚱이,헐 삼습만원 변호사이자 내가 무안하잖아요 장군님이시네,8
mmm,강하늘 연기 톤은 왜 아무도 안 잡아줬어?,3
황재윤,"익숙하게 접한 한국 범죄 장르의 풍경들을 적당하게 버무렸당. 🚨

250408 CGV(회원시사)에서.",26
yeon,예상되는 스토리지만 재미있네,1
임명호,시원하다~,1
신종한,"시원시원하게 전개되는 이야기와 배우들의 연기는 좋다.다만 한국 마약,범죄소재의 클리셰들이 총집합되어있는 국산 공산품 영화의 느낌을 지울수가 없다.",1
벨벳문,"플래그 대로 예측 가능한 범위에서 영화가 이뤄지는데, 그래도 강하늘의 3번의 변화된 모습은 볼만 했다고 생각한다. 그리고 그의 튼튼한 차 부러웠어.

#롯데시네마 시사회(w. 동기)
#롯데시네마 신림",1
채짜짜,이 영화 정말로 픽션 맞아요?,2
TERU,"Good : 악을 응징하는 도파민이 팡팡 터진당!
Caution : 과하디 과한 자극적인 묘사들
https://blog.naver.com/teruloved/223826276319",33
beEn,"사랑하는 강하늘이
<빌런> 역일 때 : 너무 무서워

내가
가장 슬플 때 : 애정하는 강하늘이 <악역>일 때",7
씨네팔,한국영화가 다 그렇지 뭐... 유해진이 아깝다,0
73,"배우들의 연기력
빠른 전개
허구적이면서도 현실적인 내용
마약의 경각심

상업영화를 좋아하는 나에게 꽤 재밌었던 영화
출연하는 배우분들을 보고 시사회를 다녀왔는데 후회 없었다

자극적인 소재와 연기력, 클리셰 같은 통쾌함 이런 류의 영화를 좋아한다면 추천한다",3
임수연 기자 봇,"마약 버전 <내부자들>. 장점도, 단점도",1
티벳여우,"오랜만에 재밌게본 팝콘 무비
마지막까지 긴장감을 유지한다.",3
김용규,"무엇에 취해 흘러 떠내려가든, 언제나 그 중심 정도는.",13
김태우,"뻔한 영화긴 하지만 간만에 재밌는 오락영화를 본 거 같다.

""대한민국 검사는 대통령을 만들 수도 있고 죽일 수도 있어""",4
권동은,"자신들이 다루는 소재에 대해서도 무지하지만 어쭙잖게 아는 척하는, 안하무인적 태도.",0
067,"맛있는 제육볶음 같음
아는 맛인데 그렇저럭 맛있음",0
키높이오,"남이 주는 음식 함부로 먹지 말자
남이 주는 선물 함부로 받지 말자
남이라고 함부로 상처주지 말자",1
HJ,"30만원짜리 국선 변호인, 30억원도 모자란 잭팟을 향하여.",5
스산,야당에 의한 정치검찰의 종식.,1
치타컵,250410 목,1
Day1,어디서 본 것 같은 기시감이 사라지지 않고 쓸데없는 노출씬이 이해가지 않음 다만 중간중간 웃음 포인트는 나쁘지 않았음,0
저수미,멋있게 꼬을려다 어정쩡해진 서사,0
wooznn,검사는 대체 어느정도 영향력을 갖는 직업인가,1
주노초파남보,"프랜차이즈 가맹점 중 손맛 나쁘지 않은 곳.
.
대사들에서 미원 맛이 느껴질 때가 종종 있었음.",0
임돌선,,3
택이,정제되지 않은 날것의 맛.,3
임희봉,기존 한국 범죄영화들의 흥행공식을 충실히 조합한 맛있는 잡탕밥같은 영화,20
영화잡식주의,"“선수 입장”류 한국 케이퍼 영화의 장점을 모아모아
-
익히 아는 맛이지만 그 맛이 나쁘지 않다",12
u mean,죄다 폭싹 속았수다,1
매버릭,"분명 너무 잘 아는 맛인데 오랜만에 먹어보는 추억의 맛? 그래 이거 맛있긴 했어~~ 정말 전형적인 K-범죄오락영화라서 사실상 스토리 전개는 너무 뻔했다. 그래서 기대를 안하긴 했다만, 그래도 오랜만에 이런 전통적인? 장르를 보니까 생각보다 나쁘지 않았고 예상치 못하는 전개로 흘러가는 척하지만 결국에는 내 예상대로 흘러가니 역시~ 맞히는 재미도 있었다ㅋㅋㅋ 무엇보다 캐스팅을 진짜 잘했다. 다들 연기를 미친듯이 잘해서 몰입도가 장난 아니다ㄷㄷ 배우들로만 충분했던 킬링타임 영화. 근데 러닝타임을 살짝만 줄이면 더 좋을듯!

+나만 알고 싶었던 배우 또 많이들 알아가겠네..",1
멈수,너무 많이 끓인 김치찌개,0
다해,"흔한 범죄오락 영화의 클리셰는 다 있으면서도, 반전도 주고 긴장감은 있게 흘러가는 킬링타임용 영화
그리고 변하지 않는 여캐 소비",1
지누씨네,"질퍽한 향락,
질 나쁜 검찰 파티,
질펀하게 내달리다",1
마르키토,"야! 당장보자!!
야!!! 당했다…",24
rose 1207,2025년 킬링타임용 대표적 한국 영화,2
이종훈,"(메가박스 회원 시사회로 개봉 일주일 전 관람)

훌륭한 배우들의 연기로 보여주는 마약에 대한 경고",3
km,"이런장르에서 느끼는 긴장감이라니!
신선한 경험을 만들어준 강하늘의 연기에 감사를",2
이승희,클리셰를 꺾어나가면서도 궁극적으로는 크게 벗어나지 않는다,20
뮤이,재미는 있는데 생각보다 긴 러닝타임.(시사회 25.4.9),2
구리구리,"예상을 빗나가지 않는 한국식 범죄 영화
체인점인 거 알고 들어갔는데 체인점임",1
송좌,"익숙한 백반집인데 주문속도가 빨라짐
체하진 않았지만, 미슐랭은 아닌듯",10
Doctor_Octopus,허접한데 신랄한척,1
미눙,뻔한 전개와 결말을 원한다면 킬링타임용,1
제롬,,4
young,남자 영화 버켓 파티팩.,0
단것,"중간중간 억지스럽기도 하고 작위적이기도 하고 너무 자극적이기도 하지만 전체적인 이야기 자체는 흥미진진하다.
그리고 더 높은 곳으로 올라가고 싶어하는 그 욕심과 욕망, 그렇게 올라간 자리에서도 언제나 떨어질걸 걱정하는 불안, 평생을 공부 잘 하는 인간으로 떠받들여져 살아온 검사가 가지고 있는 기본적인 오만함 전부를 유해진이 정말 잘 표현했다.

25.04.08 cgv서면 시사회",1
하은,진짜 구린데 근데 차별점이 있다,1
강탑구,"조잡한 연출과 예상 가능한 시나리오, 적정선의 오락과 사회고발, 괜찮은 연기 딱 거기까지.",11
leo,너 오늘부터 야당해라,19
김효원,맥심맛 베테랑,0
서정남,부당거래 30만원 변호사님 연출쟉,0
이루,"이야기가 많아서 재밌음 뻔할거 같지만 어느정도 신선함
+19금 장면 이렇게까지 적나라할 필요 없었을텐데...?",2
jynnie,"이젠 현실이 더 참혹해서
이런 비리,결탁,배신,음모가 놀랍지도 않다.

허구여도 이제는 사실이 되어버리는 스토리와
말초신경을 자극하는 연출의 콜라보가
대리만족을 시켜준다.

# 내부자들과 독전의 쾌감을 다시한번...
# 삼습만원 국선변호사가 이런 영화를 만들다니..!!
# 구로CGV 야당 시사회인데 첨에 로비로 잘못 틀어준건 안비밀..",12
panicmaker,치밀하지 못한 설계의 빈틈은 언제나 도청과 몰카가 채운다. 데우스엑스마키나!,1
이프프프페페,아 이런영화 많이나왔으면좋겠당,3
이초롱,길다,0
R.,컨디션 좋은 프랜차이즈 식당에서 밥먹듯이.,4
심야할인,급식대가의 제육볶음처럼 차별성보다는 소재의 익숙함을 갈고 닦은 재미와 끝맛이 있다.,1
_9dong,‘보고나서 판단하자’의 좋은 예,17
아아아아,분명 아는 맛인데 참 맛깔난다,4
138층,이이제이로 대통합,11
임범영,"그래서, 개봉일 일러준 점집이 어디라고?",0
이재성,"아기자기한 부당거래, 아웅다웅하는 내부자들, 통쾌함없는 베테랑.

무거운 소재를 들고도 끝내 톤을 정하지 못한 채, 어정쩡하게 싸우는 사람들만 남는다.",2
idaein,"클리셰들을 배우들의 연기와 빠른 전개로 활용해 지루하지 않게 만들었다.
[CGV 시사회]",5
영미남(영화에 미친 남자),"(51) 요리실력 키울 생각은 안하고 msg만 팍팍.
👍: 지루할 틈을 안주는 자극적 이미지와 빠른 전개,
👎: 끊기는 편집과 뻔한 전개와 일부 미스 캐스팅,
각본 9/20 연기 10/20 연출 8/20 재미 24/40",25
사랑은 비를 타고,"핵심 캐릭터들을 나름 골고루 조명하면서도 스피디한 전개를 보여줘 지루함이 적다

하지만 그만큼 편의적 보이스 오버의 사용이 잦아지고 영화도 그만큼 친절해져 보는 맛이 반감된다",4
grim_juri,배신은 배신을 낳고 통쾌한 복수로 마무리한다.,4
Somnium,,1
도강,뻔해 평범해 근데 일부러 찾아먹기도 해,0
동해,플러스엠에서 차린 CJ ENM식 밥상,2
라드이,"배우들의 이중생활을 본 느낌
다들 여기서 뭐해",0
카라멜 천원 추가,"마이크를 테무에서 샀나요?
대사 나올때마다 귀가 찢어질거 같았믐",1
한길,이 영화의 통쾌를 빌미로 현실의 끝없는 불쾌를 이겨내야 한다니.,6
감정과잉,요샌 이 정도 빠꼼한 영화도 드물다,1
Ram,예상가능하지만 피식거리면서 볼 수 있는 정도,1
Trainspot,"흔한 한국형 범죄물. 그래도 쏟아진 양산물 중에 기본은 하는 편.
250408",1
무비조이,"한국사회의 민낯을 꼬집을 때 허구에서 현실로 다가오며 생기는 쾌감, 경쾌하고 통쾌하당!",8
로즈버드,욕망의 구렁텅이에서 한바탕 뒹굴다,1
호평식,이 정도면 시즌 2 노려볼만하다,3
김지원,시대상을 잘 보여주네요,1
길혜교,뻔한 전개이지만 연기가 훌륭,0
유정,"베테랑+마약+스트리밍

대사부터 행동까지 예측을 벗어나지 않는다",1
박찬욱,그냥 뻔한 클리셰 덩어리 한국 범죄영화라고 하기에는 시기적으로 묘하게 현실감을 획득해버렸다. 그런 면에서 후반부가 재밌다.,11
나잇무비,전형적인 마약수사영화 마무리의 살짝 아쉬움,0
BIGMAC_bro,"볼만했다 ㅎ 마약수사에 얽힌 검사와 경찰, 야당.
통수에 통수를 치는 전개가 좋긴했는데, 청불달고 덜매움.

뭔가 어색한 뒷맛과 클리셰가 아쉬움.

제목은 끝까지 입에 안붙네.",34
한지혜,뻔한 듯하면서도 그들의 색으로 또 다르게.,3
윤또,무난한 클리셰. 중간까지 이게 왜 청불이지... 했다가 어느 장면 나오고 깨달았음. 등급 계속 재조정 하는 것 같은디 그럴 필요 없을 텐디요? 그냥 청불 해.,0
방귀질환,씨제이 뽕맛 좋다,0
수베니엘,"배우들의 열연과 몰입도 높은 전개가 어우러진 <야당>은 부패한 권력에 맞서는 정의의 용기를 섬세하게 그려낸다. 치밀한 연출과 묵직한 메시지가 깊은 인상을 남기며, 특히 '유해진'의 연기는 이번 작품에서도 단연 빛을 발한다. 검사라는 캐릭터 특성상 인상 깊고 멋진 대사들이 많아 극의 긴장감을 한층 끌어올린다.",5
창민,"뻔함을 상쇄시키는 현실감,
오랜만에 느낀 '내부자들'의 쾌감.",80
뭉아빠,"대한민국 검사는
대통령은 만들수도 없앨수도
소름돋는 현실 반영 대사",11
윤가,좋게 말하면 안전빵 나쁘게 말하면 클리셰,1
지훈지훈,베테랑like,0
양기자 (YCU),'대한민국 검사'가 대통령을 만들 수도 죽일 수도 있다는 대사만 또렷하게.,9
달달,모든 느와르 영화에서 도청장치와 몰래 카메라를 뺏어야한다,2
koheunjin,얼마나욕나오게할지 궁금,0
kamzi,오랜만에 만나는 영화 같은 범죄오락영화.,1
부자연,"야당 강수 (강하늘), 구관희 (유해진), 오상재 (박해준) 주연. 황병국 감독 작품.",3
양치기소년,예고편 1.5초 유해진 대사만 듣고 차단시켰다.,3
왓챠보안관^^7,이런 영화 만들면서 영화산업 어렵다 그러는 거야?,30
lanammmm,"강하늘 영화 주인공만 시켜주면 아무거나 찍어주나?
스트리밍도 글코",9
헵번공주,"야당 예고편)
https://youtu.be/S7_OVk4Fz_o?si=YHyFq89ax2mvOTiU",1
방갑수,삼습만원이에요 삼습만원,3
경현,요즘엔 국선변호사가 연출도 하네,26
