rank,title,release_year,country,image_url
1,대가족,2023,한국,https://an2-img.amz.wtchn.net/image/v2/8CJXQmudoCELx1MWewDqJA.jpg?jwt=ZXlKaGJHY2lPaUpJVXpJMU5pSjkuZXlKdmNIUnpJanBiSW1SZk5Ea3dlRGN3TUhFNE1DSmRMQ0p3SWpvaUwzWXlMM04wYjNKbEwybHRZV2RsTHpFNE1UZzNOREEwTkRVMU1qZzVOVFFpZlEuOXN1NGJLcWJoSUw3aGlRa2lQandSbC1uMzhncmZ0Q0JuaU5lRHJyaDc0QQ==
2,미션 임파서블: 데드 레코닝 PART ONE,2023,미국,https://an2-img.amz.wtchn.net/image/v2/NVhYnS1fM4KuhXeqVetluA.jpg?jwt=ZXlKaGJHY2lPaUpJVXpJMU5pSjkuZXlKdmNIUnpJanBiSW1SZk5Ea3dlRGN3TUhFNE1DSmRMQ0p3SWpvaUwzWXlMM04wYjNKbEwybHRZV2RsTHpFMk9EZzVOak15T0RBd05qSTVOelF4TlRnaWZRLmZpUWVRTGVzNVYtN0hEcUREWUtRTUtMcDQ5c3BHUTFVSElfbHFWYVd5X2s=
3,소방관,2024,한국,https://an2-img.amz.wtchn.net/image/v2/CrKp9Fh_KArPeekjlPi1Jg.jpg?jwt=ZXlKaGJHY2lPaUpJVXpJMU5pSjkuZXlKdmNIUnpJanBiSW1SZk5Ea3dlRGN3TUhFNE1DSmRMQ0p3SWpvaUwzWXlMM04wYjNKbEwybHRZV2RsTHpRMU1EazRNemN3TmpZek1URTBNek1pZlEuYXhfc0NrQ2lvdThkTEFtdko0VXV3QlNqWnNGWmtOaV9RaG5VbmJTYkZPZw==
4,베놈: 라스트 댄스,2024,미국,https://an2-img.amz.wtchn.net/image/v2/iTHAYdn_t7C_P8lFmxBn3Q.jpg?jwt=ZXlKaGJHY2lPaUpJVXpJMU5pSjkuZXlKdmNIUnpJanBiSW1SZk5Ea3dlRGN3TUhFNE1DSmRMQ0p3SWpvaUwzWXlMM04wYjNKbEwybHRZV2RsTHpFM01qRTNPRE00T1RnMU1qSXpOamN3SW4wLnhBcFBQWkpEbEs1YWVBWUFfdWYxYjNPaGNLcWc4Xzd4c19oN1E3azZRZTQ=
5,계시록,2025,한국,https://an2-img.amz.wtchn.net/image/v2/99512qsWFBl6e18aD-Ml_w.jpg?jwt=ZXlKaGJHY2lPaUpJVXpJMU5pSjkuZXlKdmNIUnpJanBiSW1SZk5Ea3dlRGN3TUhFNE1DSmRMQ0p3SWpvaUwzWXlMM04wYjNKbEwybHRZV2RsTHpRd056WXpPVFk0Tmprek5ERXlNeUo5Lk84a0szWVRvNGY5VVVtd1BCT0ZBcjJuRjlCdEZpNGdTSUlyeV9pY2tsQUk=
6,임영웅 | 아임 히어로 더 스타디움,2024,한국,https://an2-img.amz.wtchn.net/image/v2/y4O5Ld1e5z_ST_m5gzsBZQ.jpg?jwt=ZXlKaGJHY2lPaUpJVXpJMU5pSjkuZXlKdmNIUnpJanBiSW1SZk5Ea3dlRGN3TUhFNE1DSmRMQ0p3SWpvaUwzWXlMM04wYjNKbEwybHRZV2RsTHpNeE16TTFOemczT1RreE16SXhNRFFpZlEuYmltNHdKY0p2VTUwbWZib19pM2tjN0MyekF6QXZjQnEtNUxjbG54TDZZOA==
7,더 이퀄라이저 2,2018,미국,https://an2-img.amz.wtchn.net/image/v2/a53DHWWFaVmN5iMsrfT8Vg.jpg?jwt=ZXlKaGJHY2lPaUpJVXpJMU5pSjkuZXlKdmNIUnpJanBiSW1SZk5Ea3dlRGN3TUhFNE1DSmRMQ0p3SWpvaUwzWXlMM04wYjNKbEwybHRZV2RsTHpFMk1UVTBORFV5TVRneU9EYzJOVEkxT1RNaWZRLnRWTzY2THl3MkF1WXg0azBfdDZTdHQ2M1Vwd0FpdHBrUlJ1VWpBRDBaZ2s=
8,노 굿 디드,2014,미국,https://an2-img.amz.wtchn.net/image/v2/y9ha588O45Q32Id8zJnFbw.jpg?jwt=ZXlKaGJHY2lPaUpJVXpJMU5pSjkuZXlKdmNIUnpJanBiSW1SZk5Ea3dlRGN3TUhFNE1DSmRMQ0p3SWpvaUwzWXhMM1owTUdWaWRXazJibUozYmpKcWRIRnpjekkxSW4wLm9HSlI4cWpGbk1jaUlURnJkTHkwdWdJTWNGdUFfNG1ISHV6YXYxYzJQWG8=
9,더 이퀄라이저,2014,미국,https://an2-img.amz.wtchn.net/image/v2/MH7_aBAJfClYxgqmQqPKfw.jpg?jwt=ZXlKaGJHY2lPaUpJVXpJMU5pSjkuZXlKdmNIUnpJanBiSW1SZk5Ea3dlRGN3TUhFNE1DSmRMQ0p3SWpvaUwzWXhMMmd5YlhNeWNHMTZNMnhoWldvMWFHWjVaMkkwSW4wLjMyVXlnNDU0cGJLTWdBbk5UWGVlQ3luNTRyNkQtNURDNlJ0blJYYTA0SEk=
10,줄스,2023,미국,https://an2-img.amz.wtchn.net/image/v2/izPBrUyLwhyF895Q4efEiA.jpg?jwt=ZXlKaGJHY2lPaUpJVXpJMU5pSjkuZXlKdmNIUnpJanBiSW1SZk5Ea3dlRGN3TUhFNE1DSmRMQ0p3SWpvaUwzWXlMM04wYjNKbEwybHRZV2RsTHpFMk9USXdORFl4TWpJME1UWTNNakl6TXpnaWZRLkl1YmFsd013c09QSF9rWXMyUlg4NzB3bmI5OTRmbEtEcFZnb3Y4YXZUaEk=
